id,basename,name,year,platform,genres,critic_score,user_score
263490,rust,Rust,2018,"OSX,Linux,PC","Action-Adventure",6.1,
21779,league-of-legends,League of Legends,2009,"OSX,PC","Strategy",8,
27471,minecraft,Minecraft,2010,"XOne,3DS,And,NS,X360,PS3,PC,PS4,PSV,WiiU","Misc,Sandbox",9.4,
33214,fortnite,Fortnite,2017,"XOne,NS,PS4,PC","Action,Shooter",8.5,
32982,grand-theft-auto-v,Grand Theft Auto V,2013,"XOne,X360,PS3,PS4,PC","Action",9.7,9
30921,rocket-league,Rocket League,2015,"XOne,NS,PS4,PC","Sports",9.2,
32399,counter-strike-global-offensive,Counter-Strike: Global Offensive,2012,"XBL,OSX,PSN,PC","Shooter",,
18122,world-of-warcraft,World of Warcraft,2004,"OSX,PC","Misc,MMO",9.2,8
29307,path-of-exile,Path of Exile,2013,"XOne,PC,PS4","Role-Playing",,
29595,dota-2,Dota 2,2013,"Linux,OSX,PC","Strategy",,
498566,slots,Slots,1978,"2600","Misc",,
491487,dead-by-daylight,Dead by Daylight,2016,"NS,XOne,PS4,PC","Action",,
511224,apex-legends,Apex Legends,2019,"PC,XOne,PS4","Shooter",,
743,chess,Chess,1981,"PS,PC","Strategy",,
490744,stardew-valley,Stardew Valley,2016,"XOne,NS,PC,PS4","Simulation",9.2,
488552,overwatch,Overwatch,2016,"XOne,PS4,PC","Shooter",9.5,
27546,world-of-tanks,World of Tanks,2011,"X360,PC","Misc,Shooter",7.8,
493057,playerunknowns-battlegrounds,PLAYERUNKNOWN'S BATTLEGROUNDS,2017,"PC,PS4,XOne","Shooter",,
2748,magic-the-gathering,Magic: The Gathering,1997,"DC,PC","Misc",,
497057,destiny-2,Destiny 2,2017,"XOne,PS4,PC","Shooter",,
460090,subnautica,Subnautica,2018,"PS4,XOne,PC","Adventure",,
65632,dayz,DayZ,2012,"PC","Misc",,
495764,golf-it,Golf It!,2017,"PC","Sports",,
494925,raft,Raft,2020,"PC","Action",,
19973,peggle,Peggle,2008,"PSN,PC,XBL","Puzzle",8.8,
490377,sea-of-thieves,Sea of Thieves,2018,"XOne,PC","Action-Adventure",6.9,
493125,my-summer-car,My Summer Car,2006,"PC","Simulation",,
32507,smite,SMITE,2014,"PC","Misc",,
118198,assassins-creed-iv-black-flag,Assassin's Creed IV: Black Flag,2013,"XOne,X360,PS3,PS4,PC,WiiU","Action-Adventure,Action",8.7,
492546,star-wars-battlefront-ii,Star Wars Battlefront II,2005,"PS2,XB,PSP,PC","Shooter",8.5,
493959,red-dead-redemption-2,Red Dead Redemption 2,2018,"XOne,PS4","Action-Adventure",9.8,
511399,super-mario-maker-2,Super Mario Maker 2,2019,"NS","Platform",,
386821,black-desert-online,Black Desert Online,2016,"PC","MMO",,
499003,vrchat,VRChat,2017,"PC","Simulation",,
489635,ark-survival-evolved,ARK: Survival Evolved,2015,"XOne,NS,PC,PS4","Action,Action-Adventure",4,
490147,hollow-knight,Hollow Knight,2017,"NS,PC","Action-Adventure",,10
2692,super-mario-64,Super Mario 64,1996,"iQue,VC,N64","Platform",9.7,
504461,super-smash-bros-ultimate,Super Smash Bros. Ultimate,2018,"NS","Fighting",9.4,9.7
32959,heroes-of-the-storm,Heroes of the Storm,2017,"PC","Action",,
497410,metro-exodus,Metro Exodus,2019,"XOne,PC,PS4","Shooter",8.5,
65876,cyberpunk-2077,Cyberpunk 2077,2019,"PC,PS4,XOne","Action-Adventure",,
502377,total-war-three-kingdoms,Total War: Three Kingdoms,2019,"PC","Strategy",,
24241,final-fantasy-xiv-online,FINAL FANTASY XIV Online,2010,"PS3,PC","MMO",5.3,
495856,northgard,Northgard,1998,"PC","Strategy",,
29433,dark-souls,Dark Souls,2011,"X360,PS3","Role-Playing",9.1,
16676,team-fortress-2,Team Fortress 2,2007,"X360,PS3,PC","Shooter",9.2,
29056,knight-online,Knight Online,2006,"PC","Role-Playing",,
32502,world-of-warships,World of Warships,2015,"PC","Shooter",,
510578,mortal-kombat-11,Mortal Kombat 11,2019,"PS4,NS,XOne,PC","Fighting",,
7022,the-forest,The Forest,2014,"PC,PS4","Action,Misc",,
369252,the-sims-4,The Sims 4,2014,"XOne,OSX,PC,PS4","Misc,Simulation",7,
490292,dark-souls-iii,Dark Souls III,2016,"PC,PS4,XOne","Role-Playing",,
494131,little-nightmares,Little Nightmares,2017,"XOne,NS,PS4,PC","Platform",8.6,
65654,the-elder-scrolls-online,The Elder Scrolls Online,2014,"OSX,PC","MMO",,
23020,roblox,ROBLOX,,"XOne,PC","Misc",,
497385,dragon-ball-fighterz,Dragon Ball FighterZ,2018,"XOne,NS,PS4,PC","Fighting",9,
504689,farming-simulator-19,Farming Simulator 19,2018,"XOne,PC,PS4","Simulation",,
510590,hades,Hades,,"PC","Action-Adventure",,
18846,garrys-mod,Garry's Mod,2004,"PC","Misc",,
506415,sekiro-shadows-die-twice,Sekiro: Shadows Die Twice,2019,"PC,XOne,PS4","Role-Playing",,
417969,halo-the-master-chief-collection,Halo: The Master Chief Collection,2007,"XOne,PC","Shooter",,
19554,iracing,iRacing,2008,"Mob","Misc",,
313558,diablo-iii,Diablo III,2012,"PC","Role-Playing",9,
29452,virtual-casino,Virtual Casino,1996,"SAT","Misc",,
1468,resident-evil-4,Resident Evil 4,2005,"PS4,Mob,PS3,S32X,XOne,PS2,GC,Wii,X360,PC","Action-Adventure,Misc,Action",9.6,9.3
499132,they-are-billions,They Are Billions,1993,"PC","Strategy",,
7352,space-quest-iv-roger-wilco-and-the-time-rippers,Space Quest IV: Roger Wilco And The Time Rippers,1991,"PC","Adventure",,
497434,total-war-warhammer-ii,Total War: Warhammer II,2017,"PC","Strategy",,
30028,the-elder-scrolls-v-skyrim,The Elder Scrolls V: Skyrim,2011,"PS3,NS,X360,PC","Role-Playing",9.3,9.1
271304,7-days-to-die,7 Days to Die,2013,"XOne,PC,PS4","Action",,
497467,monster-hunter-world,Monster Hunter: World,2018,"PC,XOne,PS4","Action",9.4,9
493997,super-mario-odyssey,Super Mario Odyssey,2017,"NS","Platform",9.9,
27924,assassins-creed-brotherhood,Assassin's Creed: Brotherhood,2010,"PSN,PC,PS3,X360","Action",9.1,
67648,nfl-football,NFL Football,1980,"GB,NES,SNES,Int,Lynx","Sports",,
75467,euro-truck-simulator-2,Euro Truck Simulator 2,2013,"PC","Simulation",8.5,
369588,mario-kart-8,Mario Kart 8,2014,"WiiU","Racing",8.8,
110758,the-legend-of-zelda-breath-of-the-wild,The Legend of Zelda: Breath of the Wild,2017,"NS,WiiU","Action-Adventure",9.9,10
490644,divinity-original-sin-ii,Divinity: Original Sin II,2018,"PS4,XOne","Role-Playing",,
7193,microsoft-flight-simulator,Microsoft Flight Simulator,1996,"PC","Simulation",7,
8224,trackmania,TrackMania,2004,"PC","Racing",7,
16282,super-smash-bros-melee,Super Smash Bros. Melee,2001,"GC","Fighting",9.2,
495064,splatoon-2,Splatoon 2,2017,"NS","Shooter",8.2,
1229,super-mario-world,Super Mario World,1991,"SNES,VC","Platform",8.5,
3475,the-movies,The Movies,2005,"PC","Simulation",8.2,
71375,star-citizen,Star Citizen,2015,"PC","Misc",,
67584,europa-universalis-iv,Europa Universalis IV,2013,"Linux,OSX,PC","Strategy,Misc",,
19357,guild-wars-2,Guild Wars 2,2012,"PC","Role-Playing",,
461067,tekken-7,Tekken 7,2015,"XOne,Arc,PS4,PC","Fighting",,
66170,warframe,Warframe,,"PS4,PC,NS,XOne","Misc,Action",,
497480,detroit-become-human,Detroit: Become Human,,"PS4,PC","Adventure",8,
11557,the-legend-of-zelda-ocarina-of-time,The Legend of Zelda: Ocarina of Time,1998,"iQue,N64,VC","Adventure",9.9,10
34025,kenshi,Kenshi,1988,"PC","Role-Playing",,
19976,maplestory,MapleStory,2005,"PC","Role-Playing",,
491381,golf-with-your-friends,Golf With Your Friends,2005,"PC","Sports",,
130942,factorio,Factorio,2016,"Linux,OSX,PC","Strategy",,
460636,bloodborne,Bloodborne,2015,"PS4","Role-Playing",8.2,
460316,brawlhalla,Brawlhalla,2018,"PC","Fighting",,
66366,war-thunder,War Thunder,2014,"OSX,PS4,PC","Action,Misc",,
490201,crossing-souls,Crossing Souls,2018,"PS4","Action-Adventure",,
31376,terraria,Terraria,2011,"WiiU,XOne,And,X360,PS3,PC,3DS,PSV,PS4","Action-Adventure,Platform,Action",8.8,
492553,sid-meiers-civilization-vi,Sid Meier's Civilization VI,2016,"NS,PC","Strategy",9.4,
9435,the-legend-of-zelda-a-link-to-the-past,The Legend of Zelda: A Link to the Past,1992,"SNES,GBA,VC","Adventure",9.6,
8645,resident-evil-2,Resident Evil 2,1998,"DC,PSN,PS,XOne,GC,N64,PC,PS4","Action-Adventure,Action",9.3,
459064,cuphead,Cuphead,2017,"XOne,NS,PC","Platform,Action",,
493217,gwent-the-witcher-card-game,Gwent: The Witcher Card Game,2018,"PS4,PC,XOne","Misc",,
503116,beat-saber,Beat Saber,2018,"PS4","Music",,
498638,anno-1800,Anno 1800,2019,"PC","Strategy",,
8149,stronghold-2,Stronghold 2,2005,"PC","Strategy",,
24324,the-legend-of-zelda-skyward-sword,The Legend of Zelda: Skyward Sword,2011,"Wii","Adventure",9.4,
459327,hearts-of-iron-iv,Hearts of Iron IV,2016,"OSX,Linux,PC","Strategy",,
23453,fallout-new-vegas,Fallout: New Vegas,2010,"PS3,X360,PC","Role-Playing",8.3,
488615,street-fighter-v,Street Fighter V,2016,"PS4,PC","Fighting",,
460951,geometry-dash,Geometry Dash,1997,"And,PC","Misc,Action",,
458443,alien-isolation,Alien: Isolation,2014,"XOne,X360,PS3,PS4,PC","Adventure",,
13263,eve-online,EVE Online,2003,"PC","Role-Playing",,
506413,forza-horizon-4,Forza Horizon 4,2018,"XOne,PC","Racing",9.2,
21812,demons-souls,Demon's Souls,2009,"PS3","Role-Playing",9.1,9.5
506246,fallout-76,Fallout 76,2018,"XOne,PS4,PC","Role-Playing",5.1,
29107,tropico-4,Tropico 4,2011,"X360,PC","Strategy",7.9,
80607,elite-dangerous,Elite: Dangerous,2014,"PC,XOne,OSX,PS4","Simulation",,
497358,car-mechanic-simulator-2018,Car Mechanic Simulator 2018,2015,"PC","Simulation",,
492504,human-fall-flat,Human: Fall Flat,2017,"NS","Platform",,
27473,persona-5,Persona 5,2017,"PS3,PS4","Role-Playing",,
3427,sid-meiers-civilization,Sid Meier's Civilization,1991,"SNES,PC","Strategy",,
24193,left-4-dead-2,Left 4 Dead 2,2009,"OSX,X360,PC","Shooter,Misc",9,
18707,grand-theft-auto-iv,Grand Theft Auto IV,2008,"PC,XBL,X360,PS3","Action",9.2,9
313197,assetto-corsa,Assetto Corsa,2014,"XOne,PC,PS4","Racing",6,
492535,celeste,Celeste,2018,"XOne,NS,PS4,PC","Platform",9.3,
20063,silkroad-online,Silkroad Online,2004,"PC","Role-Playing",,
499856,ghost-of-tsushima,Ghost of Tsushima,2019,"PS4","Action-Adventure",,
11065,castlevania-aria-of-sorrow,Castlevania: Aria of Sorrow,2003,"GBA","Platform",8.8,
488910,american-truck-simulator,American Truck Simulator,2016,"PC","Simulation",,
493551,conan-exiles,Conan Exiles,2018,"XOne,PC,PS4","Action-Adventure",,
494683,thehunter-call-of-the-wild,theHunter: Call of the Wild,2017,"PS4,XOne,PC","Shooter",,
499929,erica,Erica,2019,"PS4","Adventure",,
458353,darkest-dungeon,Darkest Dungeon,2016,"PS4,NS,OSX,Linux,XOne,PSV,PC","Role-Playing",,
504199,battlefield-v,Battlefield V,2018,"XOne,PS4,PC","Shooter",,
14678,lineage-the-blood-pledge,Lineage: The Blood Pledge,2001,"PC","Role-Playing",,
21934,star-wars-the-old-republic,Star Wars: The Old Republic,2011,"PC","Role-Playing",8.4,
508289,wwe-2k19,WWE 2K19,2018,"PC,XOne,PS4","Fighting",,
488820,stranded-deep,Stranded Deep,2009,"PC","Adventure",,
6521,grand-theft-auto-san-andreas,Grand Theft Auto: San Andreas,2004,"PC,WinP,OSX,PS2,XB,XBL,And,PS3","Misc,Action",9.5,
27103,sid-meiers-civilization-v,Sid Meier's Civilization V,2010,"PC","Strategy",8.9,
1041,diablo-ii,Diablo II,2000,"PC","Role-Playing",8.8,
19731,portal-2,Portal 2,2011,"X360,PS3,PC","Shooter",9.7,
503446,star-wars-jedi-fallen-order,Star Wars Jedi: Fallen Order,,"XOne,PC,PS4","Misc",,
5126,resident-evil-3-nemesis,Resident Evil 3: Nemesis,1999,"PS,DC,PSN,GC,PC","Action",9.4,
91423,dark-souls-ii,Dark Souls II,2014,"PC,PS3,X360","Role-Playing",,
490713,undertale,Undertale,2015,"PS4,NS,OSX,PSV,PC","Role-Playing,Misc",9,
7595,super-metroid,Super Metroid,1994,"SNES,VC","Adventure",9,
370472,wreckfest,Wreckfest,2018,"PC,XOne,PS4","Racing",,
494591,absolver,Absolver,,"PS4","Role-Playing",,
1654,gothic-ii,Gothic II,2003,"PC","Role-Playing",8,
491318,borderlands-3,Borderlands 3,2019,"XOne,PC,PS4","Shooter",,
105451,game-dev-tycoon,Game Dev Tycoon,2013,"OSX,PC","Simulation,Misc",,
65663,company-of-heroes-2,Company of Heroes 2,2013,"PC","Misc",,
489776,fallout-4,Fallout 4,2015,"PS4,PC,XOne","Role-Playing",9,
6369,god-of-war,God of War,2005,"PS2","Action",9.3,
506442,doom-eternal,DOOM Eternal,2019,"XOne,NS,PC,PS4","Shooter",,
504735,shadow-of-the-tomb-raider,Shadow of the Tomb Raider,2018,"PS4,PC,XOne","Action-Adventure",,
488632,enter-the-gungeon,Enter the Gungeon,2016,"OSX,Linux,NS,PC,PS4","Action,Shooter",,8.4
15229,ragnarok-online,Ragnarok Online,2002,"PC","Role-Playing",,
10322,final-fantasy-x,Final Fantasy X,2001,"PS2","Role-Playing",9,10
822,devil-may-cry-3-dantes-awakening,Devil May Cry 3: Dante's Awakening,2005,"PC,PS2","Misc,Action",8.6,
73586,outlast,Outlast,2014,"PS4,PC","Misc",,
29918,warface,Warface,2020,"PC,PS3,X360","Misc",,
11988,final-fantasy-vii,Final Fantasy VII,1997,"PC,PS4,NS,XOne,PS,PSN,And,iOS","Role-Playing",9.6,9.5
510117,outlast-ii,Outlast II,,"XOne,NS,PC,PS4","Action",,
510825,atlas,Atlas,2018,"XOne,PC","MMO",,
458781,no-mans-sky,No Man's Sky,2016,"PC,XOne,PS4","Action-Adventure",6.8,
369567,halo-5-guardians,Halo 5: Guardians,2015,"XOne","Shooter",8.6,
488436,rivals-of-aether,Rivals of Aether,2016,"PC","Fighting",,
31339,project-zomboid,Project Zomboid,2020,"Linux,OSX,PC","Misc",,
7184,barbie-horse-adventures-wild-horse-rescue,Barbie Horse Adventures: Wild Horse Rescue,2003,"PS2,XB","Sports",,
14766,super-mario-galaxy,Super Mario Galaxy,2007,"Wii","Platform",9.7,9.6
24664,heroes-of-newerth,Heroes of Newerth,2010,"PC","Strategy",,
489767,xcom-2,XCOM 2,2015,"XOne,Linux,OSX,PS4,PC","Strategy",,
1736,tetris,Tetris,1989,"GB,NES,PSN,WS","Puzzle",7.5,
458738,desert-bus,Desert Bus,2013,"And","Action",,
33180,the-last-of-us,The Last of Us,2013,"PS3","Action-Adventure",9.5,
2755,half-life,Half-Life,1998,"OSX,PC,PS2","Misc,Shooter",9.5,
65718,lego-the-lord-of-the-rings,LEGO The Lord of the Rings,2012,"PC,DS,OSX,3DS,PSV,Wii,X360,PS3","Action-Adventure,Misc",,
66402,battlefield-4,Battlefield 4,2013,"PS3,PC,XOne,X360,PS4","Shooter",8.7,
10775,stalker-shadow-of-chernobyl,S.T.A.L.K.E.R.: Shadow of Chernobyl,2007,"PC","Shooter",8,
490359,final-fantasy-vii-remake,Final Fantasy VII Remake,2019,"PS4","Role-Playing",,
490348,dishonored-2,Dishonored 2,2016,"PS4,PC,XOne","Action",,
496902,slay-the-spire,Slay the Spire,2019,"NS,OSX,Linux,PC","Strategy",,
6715,doom,DOOM,1993,"AJ,3DO,SNES,PS,XBL,SAT,GBA,PC","Shooter",8.3,
492850,monster-hunter-generations,Monster Hunter Generations,2016,"3DS","Action",8.8,
18381,warcraft-ii-tides-of-darkness,Warcraft II: Tides of Darkness,1996,"OSX,PC,MSD","Strategy,Misc",9.3,
497078,far-cry-5,Far Cry 5,2018,"XOne,PS4,PC","Action",7.9,
506462,control,Control,2019,"XOne,PC,PS4","Adventure",,
491909,phoenix-point,Phoenix Point,2019,"XOne,PC","Strategy",,
14081,sly-cooper-and-the-thievius-raccoonus,Sly Cooper and the Thievius Raccoonus,2002,"PS2","Platform",,
11989,starcraft,StarCraft,1998,"OSX,PC","Misc,Strategy",8.7,
7830,age-of-empires-iii,Age of Empires III,2005,"PC","Strategy",8.3,
490382,for-honor,For Honor,2017,"PC,XOne,PS4","Action",,
488518,friday-the-13th-the-game,Friday the 13th: The Game,2011,"XOne,PC,PS4","Action",,
491177,slime-rancher,Slime Rancher,2017,"PC,PS4,XOne,Linux,OSX","Simulation",,
2223,gran-turismo,Gran Turismo,1998,"PS,PSP","Racing",9.5,9.5
300,who-wants-to-be-a-millionaire,Who Wants To Be A Millionaire,1999,"PC,GBA,PS,DC","Misc",,
12482,the-legend-of-zelda-majoras-mask,The Legend of Zelda: Majora's Mask,2000,"VC,N64","Adventure",9.5,
65997,payday-2,PAYDAY 2,2013,"PS3,PC,NS,XOne,X360,PS4","Shooter",6.5,
498459,jurassic-world-evolution,Jurassic World Evolution,2018,"XOne,PC,PS4","Simulation",,
510150,diablo-immortal,Diablo Immortal,2019,"And,iOS","Action",,
510044,trine-4-the-nightmare-prince,Trine 4: The Nightmare Prince,,"XOne,NS,PC,PS4","Action-Adventure",,
461449,cities-skylines,Cities: Skylines,2015,"PS4,NS,XOne,OSX,Linux,PC","Simulation",,
31761,dragon-age-inquisition,Dragon Age: Inquisition,2014,"PS4,PC,XOne,X360,PS3","Role-Playing",,
1757,heroes-of-might-and-magic-v,Heroes of Might and Magic V,2006,"PC","Strategy",,
460619,ori-and-the-blind-forest,Ori and the Blind Forest,2015,"XOne,PC","Platform",,
5360,resident-evil,Resident Evil,1996,"DS,PC,NS,PS4,XOne,PS,SAT,GC","Action-Adventure,Misc,Action",8.9,
391475,space-engineers,Space Engineers,2013,"XOne,PC","Simulation",,
9250,mario-kart-64,Mario Kart 64,1997,"iQue,VC,N64","Racing",8.5,
20061,cabal-online,CABAL Online,1990,"PC","Role-Playing",,
18871,mario-kart-wii,Mario Kart Wii,2008,"Wii","Racing",8.2,9.1
488500,battlefield-1,Battlefield 1,2016,"PC,XOne,PS4","Shooter",,
494364,death-stranding,Death Stranding,2019,"PS4","Action",,
458224,soma,SOMA,2016,"OSX,Linux,XOne,PC","Adventure,Action",,9
369380,dying-light,Dying Light,2015,"PS4,PS3,XOne,X360,PC","Action",,
418016,the-long-dark,The Long Dark,2017,"XOne,OSX,Linux,PC,PS4","Simulation",,
369585,kingdom-hearts-iii,Kingdom Hearts III,2019,"XOne,PS4","Role-Playing",,
488635,naruto-shippuden-ultimate-ninja-storm-4,Naruto Shippuden: Ultimate Ninja Storm 4,2016,"XOne,PS4,PC","Fighting",,
10710,counter-strike,Counter-Strike,2000,"PC,OSX,XB","Shooter,Misc",,
491539,super-robot-wars-og-the-moon-dwellers,Super Robot Wars OG: The Moon Dwellers,2016,"PS3,PS4","Misc",,
67637,until-dawn,Until Dawn,2014,"PS4,PS3","Misc,Adventure",,
500626,soulcalibur-vi,SoulCalibur VI,2018,"PS4,PC,XOne","Fighting",,
497411,forza-motorsport-7,Forza Motorsport 7,2017,"XOne,PC","Racing",8.9,
733,card-games,Card Games,2001,"PS","Misc",,
11705,super-paper-mario,Super Paper Mario,2007,"Wii","Platform",8.5,
16967,the-legend-of-zelda-the-wind-waker,The Legend of Zelda: The Wind Waker,2003,"WiiU,GC","Adventure,Action-Adventure",9.6,
8090,final-fantasy-ix,Final Fantasy IX,2000,"iOS,PS4,NS,PS,XOne,PSN,And,PC","Role-Playing",9.2,
32345,borderlands-2,Borderlands 2,2012,"X360,PS3,PC,PSV","Shooter",,
18889,final-fantasy-xiii,Final Fantasy XIII,2010,"PC,PS3,X360","Role-Playing",8.1,9.2
32742,kerbal-space-program,Kerbal Space Program,2015,"Linux,OSX,PC","Misc",,
1964,call-of-duty-4-modern-warfare,Call of Duty 4: Modern Warfare,2007,"X360,PSN,XBL,PS3,PC,DS","Shooter",9.6,9.6
506342,hitman-2,HITMAN 2,2018,"PC,XOne,PS4","Action-Adventure",,
497388,a-way-out,A Way Out,2018,"XOne,PS4,PC","Action",8.1,
1420,half-life-2,Half-Life 2,2004,"OSX,XB,PC","Shooter,Misc",9.7,
20050,perfect-world,Perfect World,1995,"3DO,PC","Action,Role-Playing",,
19009,dead-space,Dead Space,2008,"PSN,XBL,PC,PS3,X360","Shooter,Action",9,
18181,final-fantasy-tactics,Final Fantasy Tactics,1998,"PS,PSN,And,PSP","Misc,Role-Playing",8.8,
461427,wwe-supercard,WWE SuperCard,2014,"And","Strategy",,
505371,marvels-spider-man,Marvel's Spider-Man,2018,"PS4","Action-Adventure",9.1,
15943,the-elder-scrolls-iii-morrowind,The Elder Scrolls III: Morrowind,2002,"PC,XB","Role-Playing",8.7,
14890,zelda-ii-the-adventure-of-link,Zelda II: The Adventure of Link,1988,"NES,VC","Adventure",,
1563904577,forest,Forest,1983,"2600","Action",,
494536,dauntless,Dauntless,2018,"NS,XOne,PS4,PC","Role-Playing",,
14286,sly-2-band-of-thieves,Sly 2: Band of Thieves,2004,"PSN,PS2","Platform",,
458650,gran-turismo-sport,Gran Turismo Sport,2017,"PS4","Racing",,
510587,among-trees,Among Trees,2019,"PC","Adventure",,
5288,ultima-online,Ultima Online,1997,"PC","Role-Playing",9,
10260,rollercoaster-tycoon-2,RollerCoaster Tycoon 2,2002,"PC","Strategy",7.3,
26175,planetside-2,PlanetSide 2,2012,"PS4,PC","Shooter",,
17828,the-legend-of-zelda-twilight-princess,The Legend of Zelda: Twilight Princess,2006,"Wii,GC","Adventure",9.5,9.6
498000,house-flipper,House Flipper,1995,"PC","Simulation",,
16582,metal-gear-solid-3-snake-eater,Metal Gear Solid 3: Snake Eater,2004,"PS2,X360,PS3","Misc,Action",9,
369579,tom-clancys-the-division,Tom Clancy's The Division,2016,"PS4,PC,XOne","Shooter",,
18888,warhammer-online-age-of-reckoning,Warhammer Online: Age of Reckoning,2008,"PC","Role-Playing",,
19180,final-fantasy-xv,Final Fantasy XV,2016,"XOne,PS4","Role-Playing",8.1,
490177,blood-bowl-2,Blood Bowl 2,2015,"XOne,PC,PS4","Sports",,
1260,age-of-mythology,Age of Mythology,2002,"PC","Strategy",8.8,
459839,assassins-creed-unity,Assassin's Creed: Unity,2014,"PS4,PC,XOne","Action",,
30740,the-walking-dead-season-one,The Walking Dead: Season One,2014,"XOne","Adventure",,
16607,sonic-amp-knuckles,Sonic & Knuckles,1994,"GEN,XBL,PC,VC","Platform",9,
500633,world-war-z,World War Z,2019,"XOne,PS4,PC","Shooter",,
461389,life-is-strange,Life is Strange,2015,"XOne,PS4,PC,PS3,X360,iOS","Adventure",,
495072,sd-gundam-g-generation-genesis,SD Gundam G Generation Genesis,2016,"NS,PSV,PS4","Strategy",,
23894,call-of-duty-black-ops,Call of Duty: Black Ops,2010,"DS,PSN,Wii,XBL,PC,PS3,X360","Shooter",8.8,
6490,star-wars-battlefront-ii,Star Wars: Battlefront II,2009,"PSN","Shooter",,
6086,super-mario-sunshine,Super Mario Sunshine,2002,"GC","Platform",9.2,
461410,hellblade-senuas-sacrifice,Hellblade: Senua's Sacrifice,2017,"PC,PS4,NS,XOne","Action-Adventure",8.3,
113749,prime-world,Prime World,2020,"And,PC","Misc",,
493618,hello-neighbor,Hello Neighbor,2017,"NS,XOne,PS4,PC","Action",,
34134,call-of-duty-black-ops-ii,Call of Duty: Black Ops II,2012,"PC,WiiU,X360,PS3","Shooter",8.6,
67834,metal-gear-solid-v-ground-zeroes,Metal Gear Solid V: Ground Zeroes,2014,"PC,PS3,XOne,X360,PS4","Action-Adventure",8.5,
20423,blade-amp-soul,Blade & Soul,2015,"PC","Role-Playing,Misc",,
5682,crash-team-racing,Crash Team Racing,1999,"PSN,PS","Racing",9.2,
24438,mu-online,MU Online,2003,"PC","Role-Playing",,
14198,metroid-prime,Metroid Prime,2002,"GC","Shooter",9.6,9.5
33882,ftl-faster-than-light,FTL: Faster Than Light,2012,"PC,OSX,Linux","Misc",8.6,
2732,cold-war,Cold War,2005,"XB,PC","Shooter",,
6756,crash-bandicoot,Crash Bandicoot,1996,"PSN,PS","Platform",7.8,
29179,neverwinter,Neverwinter,2013,"XOne,PC","Role-Playing",,
9402,resident-evil-zero,Resident Evil Zero,2002,"GC,XOne,NS,X360,PS3,PC,PS4","Action,Action-Adventure",8.2,
489648,growtopia,Growtopia,2013,"And","Misc",,
737,guilty-gear-xx-accent-core,Guilty Gear XX Accent Core,2007,"PS2,Wii","Fighting",,
458641,uncharted-4-a-thiefs-end,Uncharted 4: A Thief's End,2016,"PS4","Action",9.2,
89297,danganronpa-2-goodbye-despair,Danganronpa 2: Goodbye Despair,2012,"PSV,PSP,PC","Adventure",,
490771,battle-brothers,Battle Brothers,2018,"PC","Role-Playing",,
68000,the-evil-within,The Evil Within,2014,"X360,XOne,PS4,PS3,PC","Misc,Action",7.9,
494162,nier-automata,NieR: Automata,2017,"PC,XOne,PS4","Role-Playing",,
505015,baba-is-you,Baba is You,,"NS","Adventure",,
506458,overcooked-2,Overcooked! 2,2018,"NS,XOne,PS4","Simulation",8.4,
488851,jojos-bizarre-adventure-eyes-of-heaven,JoJo's Bizarre Adventure: Eyes of Heaven,2015,"PS3,PS4","Fighting",,
496503,naruto-to-boruto-shinobi-striker,Naruto to Boruto: Shinobi Striker,2018,"XOne,PS4,PC","Action",8.5,
417749,tabletop-simulator,Tabletop Simulator,2015,"PC","Simulation",,
489642,bloodstained-ritual-of-the-night,Bloodstained: Ritual of the Night,2019,"PC,NS,XOne,PS4","Action-Adventure",,
497456,days-gone,Days Gone,2019,"PS4","Action-Adventure",,
29440,phantasy-star-online-2,Phantasy Star Online 2,2001,"PSV,PC","Misc,Role-Playing",,
2770,tomb-raider,Tomb Raider,1996,"PS,PSN,NGage,PC,SAT","Adventure,Action",8.9,
16937,artifact,Artifact,2018,"Linux,OSX,And,iOS,PC","Misc",,
497883,my-time-at-portia,My Time at Portia,,"NS,XOne,PC,PS4","Simulation",,
19023,final-fantasy-iv,Final Fantasy IV,,"GBA,TG16,WS,PC,PS,Wii,PSP,DS","Misc,Role-Playing",8.5,9
14980,sly-3-honor-among-thieves,Sly 3: Honor Among Thieves,2005,"PSN,PS2","Platform",,
490279,tales-of-berseria,Tales of Berseria,2016,"PS3,PS4,PC","Role-Playing",,
6737,super-mario-rpg-legend-of-the-seven-stars,Super Mario RPG: Legend of the Seven Stars,1996,"SNES,VC","Role-Playing",9.5,
8882,pinball,Pinball,1983,"2600,VC,NES,Int","Action,Misc",,
418063,five-nights-at-freddys,Five Nights at Freddy's,,"And,PC","Adventure,Simulation",,
506411,jump-force,Jump Force,2018,"XOne,PS4,PC","Fighting",,
499463,getting-over-it-with-bennett-foddy,Getting Over It with Bennett Foddy,2010,"PC","Action",,
14805,metal-gear-solid,Metal Gear Solid,1998,"GB,PSN,PS,PC","Action",9.6,
506430,trials-rising,Trials Rising,2019,"NS,XOne,PC,PS4","Simulation",,
83418,tarot,Tarot,2009,"XBL","Misc",,
489201,titanfall-2,Titanfall 2,2016,"PC,XOne,PS4","Shooter",8.9,
509541,luigis-mansion-3,Luigi's Mansion 3,2019,"NS","Action-Adventure",,
491572,stellaris,Stellaris,2016,"PC","Strategy",,
25173,victoria-ii,Victoria II,2010,"PC","Strategy",8.1,
9440,bully,Bully,2006,"PS2","Action",,
11172,dark-age-of-camelot,Dark Age of Camelot,2001,"PC","Role-Playing",8.7,
18808,resident-evil-5,Resident Evil 5,2009,"XOne,XBL,X360,PS3,PC,PS4","Action",8.9,8.8
24623,mechwarrior-online,MechWarrior Online,2013,"PC","Misc",,
497118,the-crew-2,The Crew 2,2018,"XOne,PS4,PC","Racing",6.5,
495202,fire-emblem-three-houses,Fire Emblem: Three Houses,2019,"NS","Role-Playing",,
497412,ori-and-the-will-of-the-wisps,Ori and the Will of the Wisps,2019,"XOne,PC","Platform",,
515179,mass-effect,Mass Effect,2007,"XBL,X360,PC","Role-Playing",9.2,9.1
9954,everquest,EverQuest,1999,"PC","Role-Playing",8,
16580,command-amp-conquer-red-alert-2,Command & Conquer: Red Alert 2,2000,"PC","Strategy",8.9,
280721,destiny,Destiny,2014,"XOne,PS4,PS3,X360","Shooter,Misc",8.3,
24203,halo-reach,Halo: Reach,2010,"XBL,X360","Shooter",9.3,
33331,xcom-enemy-unknown,XCOM: Enemy Unknown,2012,"PC,OSX,Linux,X360,PS3","Sports,Strategy",9.1,
10090,luigis-mansion,Luigi's Mansion,2001,"3DS,GC","Adventure,Action",7.9,
313517,child-of-light,Child of Light,2014,"WiiU,X360,XOne,PSV,PS3,PS4,PC","Role-Playing",,
479862517,dragon-quest-xi-echoes-of-an-elusive-age,Dragon Quest XI: Echoes of an Elusive Age,2018,"PS4","Role-Playing",10,
65706,dead-space-3,Dead Space 3,2013,"PC,PS3,X360","Shooter",,
25367,dungeon-fighter-online,Dungeon Fighter Online,2009,"XBL,PC","Fighting",,
497471,a-plague-tale-innocence,A Plague Tale: Innocence,2019,"XOne,PS4,PC","Action-Adventure",,
65950,beyond-two-souls,Beyond: Two Souls,,"PS3,PC,PS4","Adventure",,
509698,dirt-rally-20,DiRT Rally 2.0,2019,"XOne,PC,PS4","Racing",,
6604,fatal-frame-iii-the-tormented,Fatal Frame III: The Tormented,2005,"PS2","Action",7.7,
12065,yakuza-2,Yakuza 2,2008,"PS2","Adventure",7.9,
4162,donkey-kong-country-3-dixie-kongs-double-trouble,Donkey Kong Country 3: Dixie Kong's Double Trouble!,1996,"SNES,VC","Platform",8.8,
26476,tera,TERA,1970,"PC","Role-Playing",,
25417,the-witcher-2-assassins-of-kings,The Witcher 2: Assassins of Kings,2011,"X360,PC","Role-Playing",8.8,
4133,mega-man-3,Mega Man 3,1990,"NES,PSN,PC,VC","Platform",,
19660,dwarf-fortress,Dwarf Fortress,2006,"PC","Strategy",,
18958,dragon-age-origins,Dragon Age: Origins,2009,"PSN,PC,PS3,X360","Role-Playing",9.1,
496697,code-vein,Code Vein,2019,"PS4,PC,XOne","Action",,
509508,super-mario-bros,Super Mario Bros.,1985,"NES,VC,WiiU,3DS","Platform,Misc",9,
495122,state-of-decay-2,State of Decay 2,2018,"XOne,PC","Action-Adventure",7,
494903,for-the-king,For The King,2018,"PC","Role-Playing",,
499310,splitgate-arena-warfare,Splitgate: Arena Warfare,,"PC","Shooter",,
506412,devil-may-cry-5,Devil May Cry 5,2019,"PC,PS4,XOne","Action",,
32513,to-the-moon,To the Moon,2011,"PC","Misc",8.5,
6855,paper-mario-the-thousand-year-door,Paper Mario: The Thousand-Year Door,2004,"GC","Role-Playing",9,
18915,tomb-raider-underworld,Tomb Raider: Underworld,2008,"PS3,PC,PSN,PS2,Wii,X360,DS","Adventure,Action",8,
4375,kingdom-hearts-ii,Kingdom Hearts II,2006,"PS2","Role-Playing",8.3,
18703,god-of-war-iii,God of War III,2010,"PS3","Action",9.2,9.4
12642,football,Football,1978,"2600","Sports",,
506468,nioh-2,Nioh 2,2019,"PS4","Action",,
497103,life-is-strange-2,Life is Strange 2,2018,"XOne,PS4,PC","Adventure",,
458912,kingdom-come-deliverance,Kingdom Come: Deliverance,2016,"PS4,XOne,OSX,Linux,PC","Misc,Role-Playing",,
13765,donkey-kong-64,Donkey Kong 64,1999,"N64","Platform",9.3,
417932,unturned,Unturned,2017,"PC","Action-Adventure",,
19275,dc-universe-online,DC Universe Online,2011,"PC,PS4,PSN,PS3","MMO",7,
491875,tyranny,Tyranny,2016,"PC","Role-Playing",,
22393,call-of-duty-modern-warfare-2,Call of Duty: Modern Warfare 2,2009,"PS3,PSN,XBL,X360,PC","Shooter",9.5,9
459676,batman-arkham-knight,Batman: Arkham Knight,2015,"XOne,PS4,PC","Action",8.1,
503062,dakar-18,Dakar 18,2018,"PC,XOne,PS4","Racing",,
19217,dokapon-kingdom,Dokapon Kingdom,2008,"Wii,PS2","Role-Playing",7.2,
21101,batman-arkham-asylum,Batman: Arkham Asylum,2009,"PC,X360,PS3","Action",9.3,
412756,trove,Trove,,"PC","MMO",,
13050,castlevania-symphony-of-the-night,Castlevania: Symphony of the Night,1997,"PSN,PS,XBL","Platform",9.3,9
14599,harvest-moon-friends-of-mineral-town,Harvest Moon: Friends of Mineral Town,2003,"GBA","Simulation",7.6,
1893867416,blackjack,Blackjack,1977,"2600,NES","Misc",,
17945,tomb-raider-iii-adventures-of-lara-croft,Tomb Raider III: Adventures of Lara Croft,1998,"PS,PC","Adventure",8.2,
497437,the-evil-within-2,The Evil Within 2,2017,"XOne,PS4,PC","Action",,
490919,far-cry-primal,Far Cry: Primal,2016,"PC,XOne,PS4","Action-Adventure",8,
26881,grim-dawn,Grim Dawn,2004,"PC","Role-Playing",,
369075,a-hat-in-time,A Hat in Time,2017,"OSX,XOne,PC,PS4","Platform",,
5815,final-fantasy-vi,Final Fantasy VI,1999,"PC,GBA,PS,PSN","Misc,Role-Playing",,
29099,bioshock-infinite,Bioshock Infinite,2013,"X360,OSX,PS3,PC","Shooter,Misc",9.5,
4240,sonic-the-hedgehog-3,Sonic the Hedgehog 3,1994,"GEN,PSN,XBL,VC","Platform",,
15866,bioshock,BioShock,2007,"OSX,XBL,X360,PS3,PC","Shooter",9.6,9.6
16051,guild-wars,Guild Wars,2005,"PC","Role-Playing",8.7,
500039,the-legend-of-heroes-trails-of-cold-steel-iv,The Legend of Heroes: Trails of Cold Steel IV,2018,"PS4","Role-Playing",,
497877,blazblue-cross-tag-battle,BlazBlue: Cross Tag Battle,2018,"PS4,PC,NS","Fighting",8,
3256,max-payne-2-the-fall-of-max-payne,Max Payne 2: The Fall Of Max Payne,2003,"XB,PC,XBL,PS2","Shooter",9.1,
2162,call-of-duty-2,Call of Duty 2,2005,"PC,XBL,X360","Shooter",8.8,9.1
5262,lufia-ii-rise-of-the-sinistrals,Lufia II: Rise of the Sinistrals,1996,"SNES","Role-Playing",,
7458,baseball,Baseball,1985,"NES,GB,VC,3DS","Sports",5,
8242,final-fantasy-x-2,Final Fantasy X-2,2003,"PS2","Role-Playing",8.3,
18858,star-wars-the-force-unleashed,Star Wars: The Force Unleashed,2008,"X360,PSN,Wii,PS2,PS3,DS,PSP","Action",7.1,7.4
20810,assassins-creed-ii,Assassin's Creed II,2009,"X360,XBL,PS3,PC","Action",9.2,
495961,dead-cells,Dead Cells,2017,"PS4,NS,XOne,PC","Action",9.3,
3007,fable,Fable,2004,"XB","Role-Playing",8.6,
7934,crash-bandicoot-2-cortex-strikes-back,Crash Bandicoot 2: Cortex Strikes Back,1997,"PSN,PS","Platform",8.6,
506375,twin-mirror,Twin Mirror,,"PC,XOne,PS4","Adventure",,
9611,the-witcher,The Witcher,2007,"PC","Role-Playing",7.9,
497581,dream-daddy-a-dad-dating-simulator,Dream Daddy: A Dad Dating Simulator,2009,"PC","Simulation",,
510580,the-outer-worlds,The Outer Worlds,,"PC,PS4,XOne","Role-Playing",,
11282,final-fantasy-viii,Final Fantasy VIII,1999,"PSN,PS,PC","Role-Playing",9.4,
490373,dreams,Dreams,2019,"PS4","Misc",,
458877,story-of-seasons,Story of Seasons,2015,"3DS","Misc",7.7,
85857,inside,INSIDE,2016,"NS,XOne,PC,PS4","Adventure,Platform",9,
491181,oxenfree,Oxenfree,2004,"NS,XOne,PC","Adventure",,
27127,amnesia-the-dark-descent,Amnesia: The Dark Descent,2010,"PC","Action",8.7,
6962,cooking-mama-2-dinner-with-friends,Cooking Mama 2: Dinner With Friends,2007,"DS","Simulation",6.9,
32245,ultimate-marvel-vs-capcom-3,Ultimate Marvel vs. Capcom 3,,"XOne,X360,PS3,PS4,PC,PSV","Fighting",8.3,
8489,chrono-trigger,Chrono Trigger,1995,"PS,SNES,PSN,VC,DS","Role-Playing",9.5,
496000,middle-earth-shadow-of-war,Middle-earth: Shadow of War,2017,"XOne,PS4,PC","Action",,
29683,uncharted-3-drakes-deception,Uncharted 3: Drake's Deception,2011,"PS3","Action",9.3,6.3
12453,grand-theft-auto,Grand Theft Auto,1998,"GB,PS,GBA,PC","Action",7.1,
496326,pixark,PixArk,2018,"NS,XOne,PC,PS4","Sandbox",,
19140,metro-2033,Metro 2033,2010,"PC,X360","Shooter",7.5,
3014,scrabble,Scrabble,1999,"GBA,GB,PS,PSN,PSP,DS","Misc,Puzzle",,
16951,killer-instinct,Killer Instinct,1995,"GB,SNES","Fighting",,
6558,nfl-gameday,NFL GameDay,1996,"PS","Sports",,
491705,insurgency-sandstorm,Insurgency: Sandstorm,2018,"XOne,PS4,PC","Shooter",,
19676,mass-effect-2,Mass Effect 2,2010,"PS3,PSN,X360,PC","Role-Playing",9.6,8.9
497449,yoshis-crafted-world,Yoshi's Crafted World,2019,"NS","Platform",7.8,
12651,tiger-road,Tiger Road,1990,"PCE","Platform",,
2897,the-simpsons-hit-amp-run,The Simpsons: Hit & Run,2003,"PS2,XB,GC,PC","Racing",8.2,
18231,paper-mario,Paper Mario,2001,"iQue,VC,3DS,N64","Role-Playing",9.1,
490446,halo-wars-2,Halo Wars 2,2017,"XOne,PC","Strategy",,
497818,pathfinder-kingmaker,Pathfinder: Kingmaker,2019,"NS","Role-Playing",,
2397,halo-combat-evolved,Halo: Combat Evolved,2001,"XBL,PC,XB","Shooter",9.5,
499537,untitled-goose-game,Untitled Goose Game,2019,"NS","Simulation",,
506376,dead-or-alive-6,Dead or Alive 6,2019,"XOne,PC,PS4","Fighting",,
490174,what-remains-of-edith-finch,What Remains of Edith Finch,2002,"PC,PS4","Adventure",8.9,
489534,outward,Outward,2019,"Linux,XOne,OSX,PS4,PC","Role-Playing",,
7665,harry-potter-and-the-chamber-of-secrets,Harry Potter and the Chamber of Secrets,2002,"GC,PS,GB,GBA,PC,PS2,XB","Adventure,Role-Playing",7.2,
29143,catherine,Catherine,2011,"X360,PS3","Puzzle",7.9,
489164,danganronpa-v3-killing-harmony,Danganronpa V3: Killing Harmony,2017,"PS4,PC,PSV","Adventure",,
488559,five-nights-at-freddys-2,Five Nights at Freddy's 2,,"PC,And","Puzzle",,
29975,danganronpa-trigger-happy-havoc,Danganronpa: Trigger Happy Havoc,1970,"PC,PSP,PSV","Adventure",,
7995,dead-rising,Dead Rising,2006,"XOne,PS4,X360,XBL","Action",8.4,
65871,among-the-sleep,Among the Sleep,2014,"OSX,XOne,Linux,PC,PS4","Adventure",,
6571,yakuza,Yakuza,2006,"PS2","Adventure",7.5,
369345,lords-of-the-fallen,Lords of the Fallen,2014,"XOne,PC,PS4","Role-Playing",,
33437,resident-evil-6,Resident Evil 6,2012,"PS3,PS4,XOne,X360,PC","Shooter,Action",,
24872,nioh,Nioh,2017,"PS4","Action",,
22080,company-of-heroes-tales-of-valor,Company of Heroes: Tales of Valor,2009,"PC","Strategy",,
24394,battlefield-3,Battlefield 3,2011,"X360,PS3,PC","Shooter",8.9,
28834,realm-of-the-mad-god,Realm of the Mad God,2011,"OSX,PC","MMO",,
497915,batman-the-enemy-within,Batman: The Enemy Within,2017,"PS4,XOne","Adventure",,
24307,xenoblade-chronicles,Xenoblade Chronicles,2012,"Wii,3DS","Role-Playing",9.3,
489136,rock-band-4,Rock Band 4,2015,"PS4,XOne","Music",,
28867,vindictus,Vindictus,2010,"PC","Role-Playing",,
460620,rise-of-the-tomb-raider,Rise of the Tomb Raider,2015,"PC,PS4,XOne,X360","Adventure",,
493927,world-of-final-fantasy,World of Final Fantasy,2016,"PS4,PC,PSV","Role-Playing",,
489467,transport-tycoon-deluxe,Transport Tycoon Deluxe,1995,"PC","Strategy",,
490349,the-elder-scrolls-legends,The Elder Scrolls: Legends,,"PS4,NS,XOne,PC","Misc,Strategy",,
491437,call-of-duty-infinite-warfare,Call of Duty: Infinite Warfare,2016,"XOne,PS4,PC","Shooter",,
460041,borderlands-the-pre-sequel,Borderlands: The Pre-Sequel,2014,"X360,PS3,PC","Misc",,
492731,dragon-ball-xenoverse-2,Dragon Ball: Xenoverse 2,2016,"NS,XOne,PS4,PC","Action",8,
488341,total-war-attila,Total War: Attila,2015,"PC,OSX,Linux","Strategy",,
495062,octopath-traveler,Octopath Traveler,2018,"NS","Role-Playing",8.1,8.7
17479,dragon-ball-z-collectible-card-game,Dragon Ball Z: Collectible Card Game,2002,"GBA","Misc",6,
496712,call-of-duty-wwii,Call of Duty: WWII,2017,"XOne,PS4,PC","Shooter",8,
495711,need-for-speed-most-wanted,Need for Speed: Most Wanted,2005,"DS,GBA,PS2,XB,GC,XBL,X360,PC","Racing",8.6,
3535,mother-3,Mother 3,2006,"GBA","Role-Playing",,
33692,amnesia-a-machine-for-pigs,Amnesia: A Machine for Pigs,2013,"OSX,Linux,PC","Adventure",,
504508,disco-elysium,Disco Elysium,2019,"PC","Role-Playing",,
4095,shin-megami-tensei-persona-3,Shin Megami Tensei: Persona 3,2007,"PS2","Role-Playing",8.7,
9891,silent-hill-2,Silent Hill 2,2001,"PS2,PC","Action",,
235,command-amp-conquer-red-alert,Command & Conquer: Red Alert,1996,"PSN,PS,PC","Strategy",9.3,
12101,the-legend-of-dragoon,The Legend of Dragoon,2000,"PS,PSN","Role-Playing",7.8,6.5
313146,darkwood,Darkwood,2014,"OSX,Linux,PC","Misc",,
490384,planet-coaster,Planet Coaster,2016,"PC","Simulation",,
369575,rocksmith-2014,Rocksmith 2014,2013,"XOne,OSX,X360,PS3,PC,PS4","Music",9.1,
66410,the-walking-dead-season-two,The Walking Dead: Season Two,,"PC,PS4,NS,XOne,OSX,PSV,Ouya,X360,PS3","Adventure,Shooter,Misc",,
21136,wakfu,Wakfu,2012,"PC","Role-Playing",,
55,baldurs-gate,Baldur's Gate,1998,"PC","Role-Playing",9.2,
495563,project-cars-2,Project CARS 2,2017,"XOne,PS4,PC","Racing",,
18526,the-elder-scrolls-iv-oblivion,The Elder Scrolls IV: Oblivion,2006,"PSP,XBL,PC,PS3,X360","Role-Playing",9.3,
18734,borderlands,Borderlands,2009,"PS3,PSN,X360,PC","Shooter",8.3,
494995,injustice-2,Injustice 2,2016,"XOne,PS4,PC","Fighting",,
33389,generation-zero,Generation Zero,2019,"PS4,PC,XOne","Shooter",,
15631,grand-theft-auto-vice-city,Grand Theft Auto: Vice City,2002,"PC,PS2","Action",9.6,
495932,west-of-loathing,West of Loathing,1995,"NS,PC","Adventure,Role-Playing",,
14562,mafia,Mafia,2002,"PS2,XB,PC","Action",9.2,
19858,star-trek-online,Star Trek Online,2010,"PC","Role-Playing",5.9,
3947,silent-hill,Silent Hill,1999,"PS,PSN","Adventure",8.9,
10564,final-fantasy-xii,Final Fantasy XII,2006,"PS2","Role-Playing",9.4,9.5
25376,skate-3,Skate 3,2010,"X360,PS3","Sports",8.3,
490375,unravel,Unravel,2016,"XOne,PC,PS4","Platform",,
8510,point-blank,Point Blank,1998,"PS","Shooter",,
4185,the-messenger,The Messenger,2018,"NS","Platform",,
511396,tetris-99,TETRIS 99,2019,"NS","Puzzle",,
19423,heavy-rain,Heavy Rain,,"PS3,PS4,PC","Adventure",8.8,8.6
2274,the-sims-2,The Sims 2,2004,"GBA,PC,PSN,PS2,XB,GC,PSP,DS","Simulation",8.9,
491471,hitman,HITMAN,2016,"XOne,PS4,PC","Action",,
29131,age-of-empires-online,Age of Empires Online,2011,"PC","Strategy",7,
460384,far-cry-4,Far Cry 4,2014,"X360,XOne,PS3,PS4,PC","Shooter",8.5,
489545,ancestors-the-humankind-odyssey,Ancestors: The Humankind Odyssey,2019,"XOne,PS4,PC","Adventure",,
8068,condemned-criminal-origins,Condemned: Criminal Origins,2005,"PC,X360","Action",8.2,
19006,call-of-duty-world-at-war,Call of Duty: World at War,2008,"PC,Wii,DS,PS3,X360","Shooter",8.6,8.9
33175,south-park-the-stick-of-truth,South Park: The Stick of Truth,2014,"PS3,PS4,NS,XOne,X360,PC","Role-Playing",,9.1
19813,metroid,Metroid,1987,"NES,VC","Adventure",8,
496464,guilty-gear-xrd-rev-2,Guilty Gear Xrd Rev 2,2017,"PS4","Fighting",,
10081,kingdom-hearts,Kingdom Hearts,2002,"PS2","Role-Playing",8.5,
7195,sonic-adventure,Sonic Adventure,1999,"PSN,DC,XBL","Platform",8.9,
10070,command-amp-conquer-generals,Command & Conquer: Generals,2003,"PC","Strategy",8.6,
16933,rayman,Rayman,1995,"AJ,PC,DSiW,GB,PS,PSN,SAT","Platform",9,
4022,might-and-magic-vii-for-blood-and-honor,Might and Magic VII: For Blood and Honor,1999,"PC","Role-Playing",,
10979,the-legend-of-zelda,The Legend of Zelda,1987,"NES,VC","Adventure",9,
68063,armello,Armello,2015,"OSX,Linux,And,WinP,PS4,PC","Strategy",,
492075,thimbleweed-park,Thimbleweed Park,2017,"NS,Linux,OSX,PC","Adventure",,
459755,firewatch,Firewatch,2016,"NS,OSX,Linux,PC,PS4","Adventure,Misc",8.2,
207,yu-gi-oh-forbidden-memories,Yu-Gi-Oh! Forbidden Memories,2002,"PS","Role-Playing",7,
460508,killing-floor-2,Killing Floor 2,2016,"PC,XOne,PS4","Shooter",,
3470,harry-potter-and-the-prisoner-of-azkaban,Harry Potter and the Prisoner of Azkaban,2004,"GC,PS2,XB,GBA,PC","Adventure",7,
491925,wolcen-lords-of-mayhem,Wolcen: Lords of Mayhem,2010,"PC","Role-Playing",,
11103,uno,Uno,1998,"GB,NS,DSiW,PSN,PS,XBL,PS2,WW,PC","Misc,Board Game",8,
26992,mass-effect-3,Mass Effect 3,2012,"PS3,X360,WiiU,PC","Role-Playing",9.2,
6108,castlevania,Castlevania,1987,"NES,VC,PC,N64","Platform",7.6,
494792,witch-it,Witch It,2007,"PC","Action-Adventure",,
503749,the-spongebob-squarepants-movie,The Spongebob Squarepants Movie,2004,"GBA,PC,PS2,XB,GC","Platform,Action",6.8,
5975,shadow-of-the-colossus,Shadow of the Colossus,2005,"PS3,PS2,PS4","Adventure,Action-Adventure",9.3,9.4
12504,mega-man-zero-2,Mega Man Zero 2,2003,"GBA","Platform",,
31239,dragons-dogma,Dragon's Dogma,2012,"X360,PS3,PC","Role-Playing",,
489069,we-happy-few,We Happy Few,2018,"XOne,PC,PS4","Action,Action-Adventure",,
23017,dead-space-2,Dead Space 2,2011,"PC,PSN,X360,PS3","Shooter",9.1,
476396,super-meat-boy-forever,Super Meat Boy Forever,2019,"PS4,NS,XOne,And,PC","Platform",,
91419,metal-gear-solid-v-the-phantom-pain,Metal Gear Solid V: The Phantom Pain,2015,"PS3,XOne,PS4,PC,X360","Action-Adventure,Action",,
11386,metal-gear-solid-2-sons-of-liberty,Metal Gear Solid 2: Sons of Liberty,2001,"PC,PS2,X360,PS3","Misc,Action",9.5,7
5723,mystical-ninja-starring-goemon,Mystical Ninja Starring Goemon,1998,"GB,N64","Action,Role-Playing",,
20501,mabinogi,Mabinogi,2008,"PC","Role-Playing",,
12870,mega-man-2,Mega Man 2,1989,"PSN,NES,VC","Platform",9.5,
498405,sakuna-of-rice-and-ruin,Sakuna: Of Rice and Ruin,2019,"PS4,PC","Action",,
30014,ni-no-kuni-wrath-of-the-white-witch,Ni no Kuni: Wrath of the White Witch,2013,"PS3","Role-Playing",,
512702,lapis-x-labyrinth,Lapis x Labyrinth,2018,"NS,PS4","Role-Playing",,
459104,night-in-the-woods,Night in the Woods,2016,"PC,PS4,NS,Linux,OSX,XOne","Adventure",8.8,
27149,kahoots,Kahoots,2009,"PSN","Simulation",8,
459527,gang-beasts,Gang Beasts,2017,"PC","Fighting",6,
32156,dishonored,Dishonored,2013,"PS3,X360,PC","Shooter,Action",,
369365,quantum-break,Quantum Break,2016,"PC,XOne","Action",,
29635,far-cry-3,Far Cry 3,2012,"PS3,X360,PC","Shooter",,
17178,ratchet-deadlocked,Ratchet: Deadlocked,2005,"PS2","Shooter",,
16007,unreal-tournament,Unreal Tournament,1999,"DC,PC,PS2","Shooter",9.3,
20254,battleforge,BattleForge,2009,"PC","Strategy",,
